[
  {
    "id": "1",
    "icon": "Award",
    "title": "Excellence",
    "description": "We strive for excellence in everything we do, delivering solutions that exceed expectations and drive real business value.",
    "createdAt": "2024-01-01T00:00:00.000Z",
    "updatedAt": "2024-01-01T00:00:00.000Z"
  },
  {
    "id": "2",
    "icon": "Users",
    "title": "Collaboration",
    "description": "We believe in the power of collaboration, working closely with our clients as trusted partners in their digital transformation journey.",
    "createdAt": "2024-01-01T00:00:00.000Z",
    "updatedAt": "2024-01-01T00:00:00.000Z"
  },
  {
    "id": "3",
    "icon": "Zap",
    "title": "Innovation",
    "description": "We embrace cutting-edge technologies and innovative approaches to solve complex challenges and create competitive advantages.",
    "createdAt": "2024-01-01T00:00:00.000Z",
    "updatedAt": "2024-01-01T00:00:00.000Z"
  },
  {
    "id": "4",
    "icon": "Shield",
    "title": "Security",
    "description": "We prioritize security and compliance, ensuring that every solution we deliver meets the highest standards of data protection and privacy.",
    "createdAt": "2024-01-01T00:00:00.000Z",
    "updatedAt": "2024-01-01T00:00:00.000Z"
  }
]
