[
  {
    "id": "1",
    "icon": "Users",
    "value": "50+",
    "label": "Enterprise Clients",
    "description": "Trusted by leading organizations worldwide",
    "createdAt": "2024-01-01T00:00:00.000Z",
    "updatedAt": "2024-01-01T00:00:00.000Z"
  },
  {
    "id": "2",
    "icon": "Globe",
    "value": "20+",
    "label": "Countries Served",
    "description": "Global presence with local expertise",
    "createdAt": "2024-01-01T00:00:00.000Z",
    "updatedAt": "2024-01-01T00:00:00.000Z"
  },
  {
    "id": "3",
    "icon": "Award",
    "value": "20+",
    "label": "Years of Excellence",
    "description": "Delivering innovative solutions since 2020",
    "createdAt": "2024-01-01T00:00:00.000Z",
    "updatedAt": "2024-01-01T00:00:00.000Z"
  },
  {
    "id": "4",
    "icon": "Zap",
    "value": "97%",
    "label": "Client Satisfaction",
    "description": "Consistently exceeding expectations",
    "createdAt": "2024-01-01T00:00:00.000Z",
    "updatedAt": "2024-01-01T00:00:00.000Z"
  }
]
