[
  {
    "id": "1",
    "title": "Senior Software Engineer",
    "department": "Engineering",
    "location": "Columbus, OH",
    "type": "Full-time",
    "salary": "$90k - $130k",
    "description": "Join our engineering team to build scalable enterprise solutions using modern technologies.",
    "isActive": true,
    "createdAt": "2024-01-01T00:00:00.000Z",
    "updatedAt": "2024-01-01T00:00:00.000Z"
  },
  {
    "id": "2",
    "title": "Product Manager",
    "department": "Product",
    "location": "Columbus, OH",
    "type": "Full-time",
    "salary": "$85k - $115k",
    "description": "Lead product strategy and development for our enterprise clients.",
    "isActive": true,
    "createdAt": "2024-01-01T00:00:00.000Z",
    "updatedAt": "2024-01-01T00:00:00.000Z"
  },
  {
    "id": "3",
    "title": "DevOps Engineer",
    "department": "Engineering",
    "location": "Remote",
    "type": "Full-time",
    "salary": "$95k - $125k",
    "description": "Design and maintain our cloud infrastructure and deployment pipelines.",
    "isActive": true,
    "createdAt": "2024-01-01T00:00:00.000Z",
    "updatedAt": "2024-01-01T00:00:00.000Z"
  },
  {
    "id": "4",
    "title": "UX/UI Designer",
    "department": "Design",
    "location": "Columbus, OH",
    "type": "Full-time",
    "salary": "$70k - $95k",
    "description": "Create intuitive and beautiful user experiences for our enterprise applications.",
    "isActive": true,
    "createdAt": "2024-01-01T00:00:00.000Z",
    "updatedAt": "2024-01-01T00:00:00.000Z"
  }
]
