[
  {
    "id": "web-mobile-development",
    "icon": "Globe",
    "title": "Web & Mobile Development",
    "subtitle": "Custom web and mobile applications tailored to your business needs and optimized for exceptional user experience",
    "badge": "Web & Mobile",
    "badgeIcon": "Globe",
    "category": "Development",
    "description": "We design and develop high-performance, scalable web and mobile applications perfectly aligned with your business objectives.",
    "overview": [
      "Our expert team guides businesses through the design and development of custom digital solutions. From responsive web applications to native mobile apps, we master the full spectrum of modern technologies to create exceptional user experiences.",
      "With over 50 projects delivered for clients across various sectors (healthcare, education, transportation, services), we transform your ideas into performant and sustainable digital solutions."
    ],
    "features": [
      {
        "icon": "Globe",
        "title": "Modern Web Applications",
        "description": "React, Vue.js, Angular - High-performance responsive interfaces"
      },
      {
        "icon": "Smartphone",
        "title": "Native Mobile Apps",
        "description": "iOS and Android - Optimized native experiences"
      },
      {
        "icon": "Zap",
        "title": "Progressive Web Apps (PWA)",
        "description": "Web applications with advanced mobile capabilities"
      },
      {
        "icon": "Code",
        "title": "Robust API & Backend",
        "description": "Node.js, Python, .NET - Scalable architecture"
      },
      {
        "icon": "Palette",
        "title": "UI/UX Design",
        "description": "Intuitive user-centered interfaces"
      },
      {
        "icon": "Workflow",
        "title": "Third-Party Integrations",
        "description": "Connect with your existing systems and external APIs"
      },
      {
        "icon": "Shield",
        "title": "Security & Compliance",
        "description": "Security standards and regulatory compliance"
      },
      {
        "icon": "Users",
        "title": "Training & Support",
        "description": "Post-launch support and user training"
      }
    ],
    "benefits": [
      {
        "metric": "50+",
        "label": "Projects Delivered",
        "description": "Successful applications"
      },
      {
        "metric": "95%",
        "label": "Client Satisfaction",
        "description": "Clients recommend our services"
      },
      {
        "metric": "3 months",
        "label": "Average Timeline",
        "description": "From idea to launch"
      },
      {
        "metric": "100%",
        "label": "Custom Built",
        "description": "Solutions tailored to your needs"
      }
    ],
    "benefitsList": [
      "Modern and performant technologies",
      "Agile and iterative approach",
      "Quality and maintainable code",
      "End-to-end support"
    ],
    "featuresList": ["Web", "Mobile", "PWA"],
    "image": "dashboard-mockup",
    "link": "/solutions/web-mobile-development",
    "reverse": false,
    "ctaTitle": "Ready to Digitize Your Business?",
    "ctaDescription": "Let's discuss your project and explore the best technical solutions together",
    "ctaButton": "Discuss My Project",
    "createdAt": "2024-01-01T00:00:00.000Z",
    "updatedAt": "2024-01-01T00:00:00.000Z"
  },
  {
    "id": "data-bi-solutions",
    "icon": "Database",
    "title": "Data & Business Intelligence Solutions",
    "subtitle": "Transform your data into strategic insights with custom dashboards and analytics tools",
    "badge": "Data & BI",
    "badgeIcon": "Database",
    "category": "Data & Analytics",
    "description": "We develop data analysis and business intelligence solutions tailored to your business needs for informed decision-making.",
    "overview": [
      "Our data experts guide you in maximizing the value of your data through analysis, visualization, and reporting solutions tailored to your business challenges. We create interactive dashboards, robust data pipelines, and decision support systems.",
      "From collection to visualization, through processing and analysis, we master the entire data value chain to help you make the best business decisions."
    ],
    "features": [
      {
        "icon": "BarChart3",
        "title": "Custom Dashboards",
        "description": "Interactive visualizations tailored to your KPIs"
      },
      {
        "icon": "Database",
        "title": "Data Warehousing",
        "description": "Centralization and structuring of your data"
      },
      {
        "icon": "TrendingUp",
        "title": "Advanced Analytics",
        "description": "Predictive analysis and statistical models"
      },
      {
        "icon": "Workflow",
        "title": "ETL & Pipelines",
        "description": "Automation of data flows"
      },
      {
        "icon": "Brain",
        "title": "Data Science & AI",
        "description": "ML models for predictive insights"
      },
      {
        "icon": "FileSpreadsheet",
        "title": "Automated Reporting",
        "description": "Automated periodic reports"
      },
      {
        "icon": "Link2",
        "title": "Multi-Source Integration",
        "description": "Connect to your databases and APIs"
      },
      {
        "icon": "Shield",
        "title": "Data Governance",
        "description": "Quality, security and GDPR compliance"
      }
    ],
    "benefits": [
      {
        "metric": "30+",
        "label": "Data Projects",
        "description": "BI solutions deployed"
      },
      {
        "metric": "70%",
        "label": "Time Saved",
        "description": "In data analysis"
      },
      {
        "metric": "360°",
        "label": "Complete Vision",
        "description": "Of your business"
      },
      {
        "metric": "Real-time",
        "label": "Live Data",
        "description": "Updated dashboards"
      }
    ],
    "benefitsList": [
      "Custom dashboards with Power BI, Tableau, or custom solutions",
      "Automated data pipelines",
      "Predictive analytics and Machine Learning",
      "Team training on tools"
    ],
    "featuresList": ["Dashboards", "ETL", "Analytics"],
    "image": "dashboard-mockup",
    "link": "/solutions/data-bi-solutions",
    "reverse": true,
    "ctaTitle": "Unlock the Value of Your Data",
    "ctaDescription": "Discover how to transform your data into competitive advantage",
    "ctaButton": "Request a Demo",
    "createdAt": "2024-01-01T00:00:00.000Z",
    "updatedAt": "2024-01-01T00:00:00.000Z"
  },
  {
    "id": "custom-business-software",
    "icon": "Cpu",
    "title": "Custom Business Software Development",
    "subtitle": "Tailored software solutions to automate and optimize your specific business processes",
    "badge": "Business Software",
    "badgeIcon": "Cpu",
    "category": "Development",
    "description": "We design custom business software that perfectly adapts to your processes and specific needs.",
    "overview": [
      "Every business has unique needs. Our experts develop tailored software solutions that integrate perfectly with your business processes: ERP, CRM, management systems, specialized business platforms, internal tools, and more.",
      "From analyzing your needs to production deployment, through design and development, we support you at every step to create the solution that truly fits you."
    ],
    "features": [
      {
        "icon": "Layers",
        "title": "Modular Architecture",
        "description": "Scalable and adaptable solutions"
      },
      {
        "icon": "Cpu",
        "title": "Full-Stack Development",
        "description": "Frontend, Backend, Database"
      },
      {
        "icon": "Link2",
        "title": "System Integrations",
        "description": "Connect with your existing tools"
      },
      {
        "icon": "Workflow",
        "title": "Process Automation",
        "description": "Automated business workflows"
      },
      {
        "icon": "Users",
        "title": "Multi-User Management",
        "description": "Roles, permissions, collaboration"
      },
      {
        "icon": "Cloud",
        "title": "Cloud or On-Premise Deployment",
        "description": "Infrastructure flexibility"
      },
      {
        "icon": "Shield",
        "title": "Enhanced Security",
        "description": "Authentication, encryption, audit"
      },
      {
        "icon": "Headphones",
        "title": "Support & Maintenance",
        "description": "Long-term support"
      }
    ],
    "benefits": [
      {
        "metric": "40+",
        "label": "Software Created",
        "description": "Business solutions deployed"
      },
      {
        "metric": "60%",
        "label": "Productivity",
        "description": "Average gain observed"
      },
      {
        "metric": "100%",
        "label": "Customized",
        "description": "Adapted to your processes"
      },
      {
        "metric": "Long-term",
        "label": "Partnership",
        "description": "Ongoing support"
      }
    ],
    "benefitsList": [
      "In-depth analysis of your business needs",
      "Robust and scalable technical architecture",
      "Agile development with continuous feedback",
      "Complete documentation and training"
    ],
    "featuresList": ["Custom", "Integrations", "Scalable"],
    "image": "dashboard-mockup",
    "link": "/solutions/custom-business-software",
    "reverse": false,
    "ctaTitle": "Automate Your Business Processes",
    "ctaDescription": "Let's explore how custom software can transform your business",
    "ctaButton": "Discuss My Needs",
    "createdAt": "2024-01-01T00:00:00.000Z",
    "updatedAt": "2024-01-01T00:00:00.000Z"
  },
  {
    "id": "cloud-infrastructure",
    "icon": "Server",
    "title": "Cloud & Infrastructure Services",
    "subtitle": "Consulting, setup and management of secure, high-performance and optimized cloud infrastructures",
    "badge": "Infrastructure",
    "badgeIcon": "Server",
    "category": "Infrastructure",
    "description": "We guide you in designing, deploying and optimizing your cloud infrastructure for performance and security.",
    "overview": [
      "Our DevOps team helps you design and implement modern, secure and high-performance cloud infrastructures. Cloud migration, multi-cloud architecture, containerization, CI/CD, monitoring - we master the entire cloud ecosystem.",
      "Whether you want to migrate to the cloud, optimize your existing infrastructure or implement DevOps practices, we support you with expertise and pragmatism."
    ],
    "features": [
      {
        "icon": "Cloud",
        "title": "Cloud Consulting",
        "description": "Tailored cloud strategy and architecture"
      },
      {
        "icon": "Server",
        "title": "Cloud Migration",
        "description": "AWS, Azure, Google Cloud - Secure migration"
      },
      {
        "icon": "Container",
        "title": "Containerization",
        "description": "Docker, Kubernetes - Modern orchestration"
      },
      {
        "icon": "GitBranch",
        "title": "CI/CD Pipelines",
        "description": "Automated deployments"
      },
      {
        "icon": "Activity",
        "title": "Monitoring & Observability",
        "description": "Proactive monitoring and alerting"
      },
      {
        "icon": "Zap",
        "title": "Performance Optimization",
        "description": "Tuning and cost optimization"
      },
      {
        "icon": "Shield",
        "title": "Infrastructure Security",
        "description": "Hardening, backup, disaster recovery"
      },
      {
        "icon": "Headphones",
        "title": "Infrastructure Support",
        "description": "Maintenance and technical support"
      }
    ],
    "benefits": [
      {
        "metric": "25+",
        "label": "Infrastructures",
        "description": "Cloud projects completed"
      },
      {
        "metric": "40%",
        "label": "Optimized Costs",
        "description": "Average cloud savings"
      },
      {
        "metric": "99.9%",
        "label": "Availability",
        "description": "Highly available infrastructures"
      },
      {
        "metric": "24/7",
        "label": "Monitoring",
        "description": "Continuous surveillance"
      }
    ],
    "benefitsList": [
      "Multi-cloud expertise (AWS, Azure, GCP)",
      "Complete automation (IaC, CI/CD)",
      "Guaranteed security and compliance",
      "Continuous cost optimization"
    ],
    "featuresList": ["Cloud", "DevOps", "Monitoring"],
    "image": "architecture-illustration",
    "link": "/solutions/cloud-infrastructure",
    "reverse": true,
    "ctaTitle": "Modernize Your Infrastructure",
    "ctaDescription": "Discover how to optimize your cloud infrastructure with our experts",
    "ctaButton": "Free Audit",
    "createdAt": "2024-01-01T00:00:00.000Z",
    "updatedAt": "2024-01-01T00:00:00.000Z"
  },
  {
    "id": "digital-strategy-consulting",
    "icon": "Lightbulb",
    "title": "Digital Strategy & Consulting",
    "subtitle": "Strategic support to define and successfully execute your digital transformation",
    "badge": "Consulting",
    "badgeIcon": "Lightbulb",
    "category": "Consulting",
    "description": "We support you in defining and implementing your digital strategy for concrete and measurable results.",
    "overview": [
      "Before launching a digital project, it's essential to define a clear strategy aligned with your business objectives. Our consultants support you in auditing your existing setup, defining your digital roadmap and managing your projects.",
      "From technical audit to architecture definition, through technology selection and project management, we bring you the expertise needed to make the right decisions."
    ],
    "features": [
      {
        "icon": "Search",
        "title": "Technical Audit",
        "description": "Analysis of your IT systems and opportunity identification"
      },
      {
        "icon": "Map",
        "title": "Digital Roadmap",
        "description": "Strategic roadmap and prioritization"
      },
      {
        "icon": "Layers",
        "title": "IT Architecture",
        "description": "Design of optimal technical architecture"
      },
      {
        "icon": "Code",
        "title": "Technology Selection",
        "description": "Advice on suitable technologies and tools"
      },
      {
        "icon": "Users",
        "title": "Project Management",
        "description": "Methodological support and management"
      },
      {
        "icon": "TrendingUp",
        "title": "ROI Optimization",
        "description": "Maximizing value of your IT investments"
      },
      {
        "icon": "Shield",
        "title": "Security & Compliance",
        "description": "Cybersecurity and GDPR consulting"
      },
      {
        "icon": "GraduationCap",
        "title": "Training & Change Management",
        "description": "Change support and skills development"
      }
    ],
    "benefits": [
      {
        "metric": "60+",
        "label": "Consulting Missions",
        "description": "Companies supported"
      },
      {
        "metric": "100%",
        "label": "Customized",
        "description": "Tailored approach"
      },
      {
        "metric": "Optimized ROI",
        "label": "Investments",
        "description": "IT maximized"
      },
      {
        "metric": "Expert",
        "label": "Support",
        "description": "By senior consultants"
      }
    ],
    "benefitsList": [
      "Industry and technical expertise",
      "Proven methodology (Agile, Lean)",
      "Strategic and operational vision",
      "End-to-end support"
    ],
    "featuresList": ["Audit", "Strategy", "Management"],
    "image": "architecture-illustration",
    "link": "/solutions/digital-strategy-consulting",
    "reverse": false,
    "ctaTitle": "Define Your Digital Strategy",
    "ctaDescription": "Let's discuss your challenges and objectives to build your roadmap",
    "ctaButton": "Free Initial Consultation",
    "createdAt": "2024-01-01T00:00:00.000Z",
    "updatedAt": "2024-01-01T00:00:00.000Z"
  },
  {
    "id": "security-compliance",
    "icon": "Shield",
    "title": "Security & Compliance",
    "subtitle": "Secure your applications and data with cybersecurity and regulatory compliance solutions",
    "badge": "Security",
    "badgeIcon": "Shield",
    "category": "Infrastructure",
    "description": "We secure your applications and infrastructures while ensuring compliance with regulations.",
    "overview": [
      "Data security and regulatory compliance are critical issues. Our cybersecurity experts support you in securing your applications, GDPR compliance, and implementing security best practices.",
      "Security audit, penetration testing, compliance implementation, identity management, encryption - we cover all aspects of application and infrastructure security."
    ],
    "features": [
      {
        "icon": "Search",
        "title": "Security Audit",
        "description": "Complete analysis of your current security"
      },
      {
        "icon": "Shield",
        "title": "Application Security",
        "description": "Secure coding, penetration testing, OWASP"
      },
      {
        "icon": "Lock",
        "title": "Encryption & Authentication",
        "description": "Data protection and secure access"
      },
      {
        "icon": "FileCheck",
        "title": "GDPR Compliance",
        "description": "Regulatory compliance implementation"
      },
      {
        "icon": "Eye",
        "title": "Security Monitoring",
        "description": "Threat detection and alerting"
      },
      {
        "icon": "Users",
        "title": "IAM & SSO",
        "description": "Identity management and single sign-on"
      },
      {
        "icon": "Database",
        "title": "Data Security",
        "description": "Backup, recovery, anonymization"
      },
      {
        "icon": "GraduationCap",
        "title": "Security Awareness",
        "description": "Security training for your teams"
      }
    ],
    "benefits": [
      {
        "metric": "20+",
        "label": "Security Audits",
        "description": "Successfully completed"
      },
      {
        "metric": "100%",
        "label": "Compliance",
        "description": "GDPR guaranteed"
      },
      {
        "metric": "0",
        "label": "Breaches",
        "description": "On our secured projects"
      },
      {
        "metric": "Proactive",
        "label": "Approach",
        "description": "Security from design"
      }
    ],
    "benefitsList": [
      "Certified cybersecurity expertise",
      "Security by Design approach",
      "Guaranteed regulatory compliance",
      "Continuous threat monitoring"
    ],
    "featuresList": ["Audit", "GDPR", "Protection"],
    "image": "architecture-illustration",
    "link": "/solutions/security-compliance",
    "reverse": true,
    "ctaTitle": "Secure Your Information System",
    "ctaDescription": "Protect your data and ensure regulatory compliance",
    "ctaButton": "Security Audit",
    "createdAt": "2024-01-01T00:00:00.000Z",
    "updatedAt": "2024-01-01T00:00:00.000Z"
  },
  {
    "id": "ai-automation-chatbots",
    "icon": "Bot",
    "title": "AI Automation & Chatbot Development",
    "subtitle": "Intelligent chatbots and AI-powered automation solutions to streamline operations and enhance customer engagement",
    "badge": "AI & Automation",
    "badgeIcon": "Bot",
    "category": "AI & Automation",
    "description": "We build intelligent chatbots and AI-powered automation solutions to streamline your business processes and enhance customer engagement.",
    "overview": [
      "Leverage the power of artificial intelligence to automate repetitive tasks, provide 24/7 customer support, and enhance operational efficiency. Our team develops custom chatbots and intelligent automation workflows tailored to your specific business needs.",
      "From simple FAQ bots to advanced AI assistants with natural language understanding, we deliver solutions that integrate seamlessly with your existing systems and deliver measurable results."
    ],
    "features": [
      {
        "icon": "Bot",
        "title": "Custom Chatbot Development",
        "description": "Intelligent conversational AI tailored to your brand"
      },
      {
        "icon": "MessageSquare",
        "title": "Multi-Channel Deployment",
        "description": "Web, WhatsApp, Messenger, Telegram, and more"
      },
      {
        "icon": "Brain",
        "title": "Natural Language Processing",
        "description": "Advanced NLP for human-like conversations"
      },
      {
        "icon": "Workflow",
        "title": "Workflow Automation",
        "description": "AI-powered business process automation"
      },
      {
        "icon": "Link2",
        "title": "System Integration",
        "description": "Connect with CRM, databases, and business tools"
      },
      {
        "icon": "TrendingUp",
        "title": "Continuous Learning",
        "description": "ML models that improve over time"
      },
      {
        "icon": "BarChart3",
        "title": "Analytics & Insights",
        "description": "Conversation analytics and performance metrics"
      },
      {
        "icon": "Users",
        "title": "Training & Support",
        "description": "Team training and ongoing maintenance"
      }
    ],
    "benefits": [
      {
        "metric": "24/7",
        "label": "Availability",
        "description": "Round-the-clock support"
      },
      {
        "metric": "Scalable",
        "label": "Solutions",
        "description": "Grow with your business"
      },
      {
        "metric": "100%",
        "label": "Custom Built",
        "description": "Tailored to your needs"
      },
      {
        "metric": "Multi-Channel",
        "label": "Deployment",
        "description": "Reach customers everywhere"
      }
    ],
    "benefitsList": [
      "24/7 automated customer support",
      "Reduced operational costs and response times",
      "Multi-channel deployment (Web, WhatsApp, Messenger)",
      "Seamless CRM and business tool integration"
    ],
    "featuresList": ["AI", "Chatbots", "Automation"],
    "image": "dashboard-mockup",
    "link": "/solutions/ai-automation-chatbots",
    "reverse": false,
    "ctaTitle": "Ready to Automate with AI?",
    "ctaDescription": "Discover how intelligent automation can transform your business operations",
    "ctaButton": "Discuss Your Project",
    "createdAt": "2024-01-01T00:00:00.000Z",
    "updatedAt": "2024-01-01T00:00:00.000Z"
  }
]
